x,y,z
2.975463867187500000e-04,-2.956390380859375000e-05,0.000000000000000000e+00
1.002975478768348694e-01,9.997043758630752563e-02,0.000000000000000000e+00
1.002975478768348694e-01,1.999704390764236450e-01,0.000000000000000000e+00
2.002975493669509888e-01,2.999704480171203613e-01,0.000000000000000000e+00
3.002975583076477051e-01,3.999704420566558838e-01,0.000000000000000000e+00
3.002975583076477051e-01,4.999704360961914062e-01,0.000000000000000000e+00
3.002975583076477051e-01,5.999704599380493164e-01,0.000000000000000000e+00
3.002975583076477051e-01,6.999704241752624512e-01,0.000000000000000000e+00
3.002975583076477051e-01,7.999704480171203613e-01,0.000000000000000000e+00
3.002975583076477051e-01,8.999704122543334961e-01,0.000000000000000000e+00
3.002975583076477051e-01,9.999704360961914062e-01,0.000000000000000000e+00
3.002975583076477051e-01,1.099970459938049316e+00,0.000000000000000000e+00
3.002975583076477051e-01,1.199970483779907227e+00,0.000000000000000000e+00
3.002975583076477051e-01,1.299970388412475586e+00,0.000000000000000000e+00
3.002975583076477051e-01,1.399970412254333496e+00,0.000000000000000000e+00
3.002975583076477051e-01,1.499970436096191406e+00,0.000000000000000000e+00
3.002975583076477051e-01,1.599970459938049316e+00,0.000000000000000000e+00
3.002975583076477051e-01,1.699970483779907227e+00,0.000000000000000000e+00
3.002975583076477051e-01,1.799970388412475586e+00,0.000000000000000000e+00
3.002975583076477051e-01,1.899970412254333496e+00,0.000000000000000000e+00
3.002975583076477051e-01,1.999970436096191406e+00,0.000000000000000000e+00
3.002975583076477051e-01,2.099970340728759766e+00,0.000000000000000000e+00
3.002975583076477051e-01,2.199970483779907227e+00,0.000000000000000000e+00
3.002975583076477051e-01,2.299970388412475586e+00,0.000000000000000000e+00
3.002975583076477051e-01,2.399970531463623047e+00,0.000000000000000000e+00
3.002975583076477051e-01,2.499970436096191406e+00,0.000000000000000000e+00
3.002975583076477051e-01,2.599970340728759766e+00,0.000000000000000000e+00
3.002975583076477051e-01,2.699970483779907227e+00,0.000000000000000000e+00
3.002975583076477051e-01,2.799970388412475586e+00,0.000000000000000000e+00
3.002975583076477051e-01,2.899970531463623047e+00,0.000000000000000000e+00
3.002975583076477051e-01,2.999970436096191406e+00,0.000000000000000000e+00
4.002975523471832275e-01,3.099970340728759766e+00,0.000000000000000000e+00
5.002975463867187500e-01,3.199970483779907227e+00,0.000000000000000000e+00
6.002975702285766602e-01,3.299970388412475586e+00,0.000000000000000000e+00
7.002975344657897949e-01,3.399970531463623047e+00,0.000000000000000000e+00
8.002975583076477051e-01,3.499970436096191406e+00,0.000000000000000000e+00
9.002975225448608398e-01,3.599970340728759766e+00,0.000000000000000000e+00
1.000297546386718750e+00,3.699970483779907227e+00,0.000000000000000000e+00
1.100297570228576660e+00,3.799970388412475586e+00,0.000000000000000000e+00
1.200297594070434570e+00,3.899970531463623047e+00,0.000000000000000000e+00
1.300297498703002930e+00,3.999970436096191406e+00,0.000000000000000000e+00
1.400297522544860840e+00,4.099970340728759766e+00,0.000000000000000000e+00
1.500297546386718750e+00,4.199970245361328125e+00,0.000000000000000000e+00
1.600297570228576660e+00,4.299970626831054688e+00,0.000000000000000000e+00
1.700297594070434570e+00,4.399970531463623047e+00,0.000000000000000000e+00
1.800297498703002930e+00,4.499970436096191406e+00,0.000000000000000000e+00
1.900297522544860840e+00,4.599970340728759766e+00,0.000000000000000000e+00
2.000297546386718750e+00,4.699970245361328125e+00,0.000000000000000000e+00
2.100297451019287109e+00,4.799970626831054688e+00,0.000000000000000000e+00
2.200297594070434570e+00,4.899970531463623047e+00,0.000000000000000000e+00
2.300297498703002930e+00,4.999970436096191406e+00,0.000000000000000000e+00
2.400297641754150391e+00,5.099970340728759766e+00,0.000000000000000000e+00
2.500297546386718750e+00,5.199970245361328125e+00,0.000000000000000000e+00
2.600297451019287109e+00,5.299970626831054688e+00,0.000000000000000000e+00
2.600297451019287109e+00,5.399970531463623047e+00,0.000000000000000000e+00
2.700297594070434570e+00,5.499970436096191406e+00,0.000000000000000000e+00
2.800297498703002930e+00,5.599970340728759766e+00,0.000000000000000000e+00
2.900297641754150391e+00,5.699970245361328125e+00,0.000000000000000000e+00
3.000297546386718750e+00,5.799970626831054688e+00,0.000000000000000000e+00
3.100297451019287109e+00,5.899970531463623047e+00,0.000000000000000000e+00
3.200297594070434570e+00,5.999970436096191406e+00,0.000000000000000000e+00
3.300297498703002930e+00,6.099970340728759766e+00,0.000000000000000000e+00
3.400297641754150391e+00,6.199970245361328125e+00,0.000000000000000000e+00
3.500297546386718750e+00,6.299970626831054688e+00,0.000000000000000000e+00
3.600297451019287109e+00,6.399970531463623047e+00,0.000000000000000000e+00
3.700297594070434570e+00,6.499970436096191406e+00,0.000000000000000000e+00
3.800297498703002930e+00,6.599970340728759766e+00,0.000000000000000000e+00
3.900297641754150391e+00,6.699970245361328125e+00,0.000000000000000000e+00
4.000297546386718750e+00,6.799970626831054688e+00,0.000000000000000000e+00
4.100297451019287109e+00,6.899970531463623047e+00,0.000000000000000000e+00
4.200297355651855469e+00,6.999970436096191406e+00,0.000000000000000000e+00
4.200297355651855469e+00,7.099970340728759766e+00,0.000000000000000000e+00
4.200297355651855469e+00,7.199970245361328125e+00,0.000000000000000000e+00
4.200297355651855469e+00,7.299970626831054688e+00,0.000000000000000000e+00
4.200297355651855469e+00,7.399970531463623047e+00,0.000000000000000000e+00
4.300297737121582031e+00,7.499970436096191406e+00,0.000000000000000000e+00
4.400297641754150391e+00,7.599970340728759766e+00,0.000000000000000000e+00
4.500297546386718750e+00,7.699970245361328125e+00,0.000000000000000000e+00
4.600297451019287109e+00,7.799970626831054688e+00,0.000000000000000000e+00
4.700297355651855469e+00,7.899970531463623047e+00,0.000000000000000000e+00
4.800297737121582031e+00,7.999970436096191406e+00,0.000000000000000000e+00
4.900297641754150391e+00,8.099970817565917969e+00,0.000000000000000000e+00
5.000297546386718750e+00,8.199970245361328125e+00,0.000000000000000000e+00
5.100297451019287109e+00,8.299970626831054688e+00,0.000000000000000000e+00
5.200297355651855469e+00,8.399970054626464844e+00,0.000000000000000000e+00
5.300297737121582031e+00,8.499970436096191406e+00,0.000000000000000000e+00
5.300297737121582031e+00,8.599970817565917969e+00,0.000000000000000000e+00
5.300297737121582031e+00,8.699970245361328125e+00,0.000000000000000000e+00
5.300297737121582031e+00,8.799970626831054688e+00,0.000000000000000000e+00
5.300297737121582031e+00,8.899970054626464844e+00,0.000000000000000000e+00
5.300297737121582031e+00,8.999970436096191406e+00,0.000000000000000000e+00
5.300297737121582031e+00,9.099970817565917969e+00,0.000000000000000000e+00
5.300297737121582031e+00,9.199970245361328125e+00,0.000000000000000000e+00
5.300297737121582031e+00,9.299970626831054688e+00,0.000000000000000000e+00
5.300297737121582031e+00,9.399970054626464844e+00,0.000000000000000000e+00
5.300297737121582031e+00,9.499970436096191406e+00,0.000000000000000000e+00
5.300297737121582031e+00,9.599970817565917969e+00,0.000000000000000000e+00
5.300297737121582031e+00,9.699970245361328125e+00,0.000000000000000000e+00
5.300297737121582031e+00,9.799970626831054688e+00,0.000000000000000000e+00
5.300297737121582031e+00,9.899970054626464844e+00,0.000000000000000000e+00
5.300297737121582031e+00,9.999970436096191406e+00,0.000000000000000000e+00
5.300297737121582031e+00,1.009997081756591797e+01,0.000000000000000000e+00
5.300297737121582031e+00,1.019997024536132812e+01,0.000000000000000000e+00
5.300297737121582031e+00,1.029997062683105469e+01,0.000000000000000000e+00
5.300297737121582031e+00,1.039997005462646484e+01,0.000000000000000000e+00
5.300297737121582031e+00,1.049997043609619141e+01,0.000000000000000000e+00
5.300297737121582031e+00,1.059997081756591797e+01,0.000000000000000000e+00
5.400297641754150391e+00,1.069997024536132812e+01,0.000000000000000000e+00
5.500297546386718750e+00,1.079997062683105469e+01,0.000000000000000000e+00
5.600297451019287109e+00,1.089997005462646484e+01,0.000000000000000000e+00
5.700297355651855469e+00,1.099997043609619141e+01,0.000000000000000000e+00
5.800297737121582031e+00,1.109997081756591797e+01,0.000000000000000000e+00
5.900297641754150391e+00,1.119997024536132812e+01,0.000000000000000000e+00
6.000297546386718750e+00,1.129997062683105469e+01,0.000000000000000000e+00
6.000297546386718750e+00,1.139997005462646484e+01,0.000000000000000000e+00
6.000297546386718750e+00,1.149997043609619141e+01,0.000000000000000000e+00
6.100297451019287109e+00,1.159997081756591797e+01,0.000000000000000000e+00
6.200297355651855469e+00,1.169997024536132812e+01,0.000000000000000000e+00
6.300297737121582031e+00,1.179997062683105469e+01,0.000000000000000000e+00
6.400297641754150391e+00,1.189997005462646484e+01,-5.273818969726562500e-04
6.500297546386718750e+00,1.199997043609619141e+01,-1.500244140625000000e-01
6.600297451019287109e+00,1.209997081756591797e+01,-1.500244140625000000e-01
6.700297355651855469e+00,1.219997024536132812e+01,-1.500244140625000000e-01
6.800297737121582031e+00,1.229997062683105469e+01,-2.500000000000000000e-01
6.900297641754150391e+00,1.239997005462646484e+01,-2.500000000000000000e-01
7.000297546386718750e+00,1.249997043609619141e+01,-2.500000000000000000e-01
7.100297451019287109e+00,1.259997081756591797e+01,-2.785644531250000000e-01
7.200297355651855469e+00,1.269997024536132812e+01,-3.500976562500000000e-01
7.300297737121582031e+00,1.279997062683105469e+01,-3.500976562500000000e-01
7.400297641754150391e+00,1.289997005462646484e+01,-3.500976562500000000e-01
7.500297546386718750e+00,1.299997043609619141e+01,-4.499511718750000000e-01
7.600297451019287109e+00,1.309997081756591797e+01,-4.499511718750000000e-01
7.700297355651855469e+00,1.319997024536132812e+01,-4.499511718750000000e-01
7.800297737121582031e+00,1.329997062683105469e+01,-5.498046875000000000e-01
7.900297641754150391e+00,1.339997005462646484e+01,-5.498046875000000000e-01
8.000297546386718750e+00,1.349997043609619141e+01,-5.498046875000000000e-01
8.100297927856445312e+00,1.359997081756591797e+01,-5.498046875000000000e-01
8.200297355651855469e+00,1.369997024536132812e+01,-6.499023437500000000e-01
8.300297737121582031e+00,1.379997062683105469e+01,-6.499023437500000000e-01
8.400297164916992188e+00,1.389997005462646484e+01,-6.499023437500000000e-01
8.500297546386718750e+00,1.389997005462646484e+01,-6.499023437500000000e-01
8.600297927856445312e+00,1.389997005462646484e+01,-6.499023437500000000e-01
8.700297355651855469e+00,1.389997005462646484e+01,-6.499023437500000000e-01
8.800297737121582031e+00,1.399997043609619141e+01,-6.499023437500000000e-01
8.900297164916992188e+00,1.409997081756591797e+01,-6.499023437500000000e-01
9.000297546386718750e+00,1.419997024536132812e+01,-6.499023437500000000e-01
9.100297927856445312e+00,1.429997062683105469e+01,-6.499023437500000000e-01
9.200297355651855469e+00,1.439997005462646484e+01,-6.499023437500000000e-01
9.300297737121582031e+00,1.449997043609619141e+01,-6.499023437500000000e-01
9.400297164916992188e+00,1.459997081756591797e+01,-6.499023437500000000e-01
9.500297546386718750e+00,1.469997024536132812e+01,-6.499023437500000000e-01
9.600297927856445312e+00,1.479997062683105469e+01,-6.499023437500000000e-01
9.700297355651855469e+00,1.489997005462646484e+01,-6.499023437500000000e-01
9.800297737121582031e+00,1.499997043609619141e+01,-6.499023437500000000e-01
9.900297164916992188e+00,1.509997081756591797e+01,-6.499023437500000000e-01
1.000029754638671875e+01,1.519997024536132812e+01,-6.499023437500000000e-01
1.010029792785644531e+01,1.529997062683105469e+01,-6.499023437500000000e-01
1.020029735565185547e+01,1.539997005462646484e+01,-6.499023437500000000e-01
1.030029773712158203e+01,1.549997043609619141e+01,-6.499023437500000000e-01
1.040029716491699219e+01,1.559997081756591797e+01,-6.499023437500000000e-01
1.050029754638671875e+01,1.569997024536132812e+01,-6.499023437500000000e-01
1.060029792785644531e+01,1.579997062683105469e+01,-6.499023437500000000e-01
1.070029735565185547e+01,1.589997005462646484e+01,-6.464843750000000000e-01
1.080029773712158203e+01,1.599997043609619141e+01,-6.137695312500000000e-01
1.090029716491699219e+01,1.609996986389160156e+01,-5.791015625000000000e-01
1.100029754638671875e+01,1.619997024536132812e+01,-5.385742187500000000e-01
1.110029792785644531e+01,1.629997062683105469e+01,-4.978027343750000000e-01
1.120029735565185547e+01,1.639997100830078125e+01,-4.550781250000000000e-01
1.130029773712158203e+01,1.649996948242187500e+01,-4.152832031250000000e-01
1.140029716491699219e+01,1.659996986389160156e+01,-3.747558593750000000e-01
1.150029754638671875e+01,1.669997024536132812e+01,-3.479003906250000000e-01
1.160029792785644531e+01,1.679997062683105469e+01,-3.029785156250000000e-01
1.170029735565185547e+01,1.689997100830078125e+01,-2.639160156250000000e-01
1.180029773712158203e+01,1.699996948242187500e+01,-2.232666015625000000e-01
1.190029716491699219e+01,1.699996948242187500e+01,-2.127685546875000000e-01
1.200029754638671875e+01,1.709996986389160156e+01,-1.800537109375000000e-01
1.210029792785644531e+01,1.719997024536132812e+01,-1.356201171875000000e-01
1.220029735565185547e+01,1.729997062683105469e+01,-9.881591796875000000e-02
1.230029773712158203e+01,1.739997100830078125e+01,-5.407714843750000000e-02
1.240029716491699219e+01,1.749996948242187500e+01,-1.966857910156250000e-02
1.250029754638671875e+01,1.759996986389160156e+01,0.000000000000000000e+00
1.260029792785644531e+01,1.769997024536132812e+01,0.000000000000000000e+00
1.270029735565185547e+01,1.779997062683105469e+01,0.000000000000000000e+00
1.280029773712158203e+01,1.779997062683105469e+01,0.000000000000000000e+00
1.290029716491699219e+01,1.779997062683105469e+01,0.000000000000000000e+00
1.300029754638671875e+01,1.779997062683105469e+01,0.000000000000000000e+00
1.310029792785644531e+01,1.779997062683105469e+01,0.000000000000000000e+00
1.320029735565185547e+01,1.779997062683105469e+01,0.000000000000000000e+00
1.330029773712158203e+01,1.779997062683105469e+01,0.000000000000000000e+00
1.340029716491699219e+01,1.769997024536132812e+01,0.000000000000000000e+00
1.350029754638671875e+01,1.759996986389160156e+01,0.000000000000000000e+00
1.360029792785644531e+01,1.749996948242187500e+01,0.000000000000000000e+00
1.370029735565185547e+01,1.739997100830078125e+01,0.000000000000000000e+00
1.380029773712158203e+01,1.729997062683105469e+01,0.000000000000000000e+00
1.390029716491699219e+01,1.719997024536132812e+01,0.000000000000000000e+00
1.400029754638671875e+01,1.719997024536132812e+01,0.000000000000000000e+00
1.410029792785644531e+01,1.709996986389160156e+01,0.000000000000000000e+00
1.420029735565185547e+01,1.699996948242187500e+01,0.000000000000000000e+00
1.430029773712158203e+01,1.689997100830078125e+01,0.000000000000000000e+00
1.440029716491699219e+01,1.689997100830078125e+01,0.000000000000000000e+00
1.450029754638671875e+01,1.679997062683105469e+01,0.000000000000000000e+00
1.460029792785644531e+01,1.669997024536132812e+01,0.000000000000000000e+00
1.470029735565185547e+01,1.659996986389160156e+01,0.000000000000000000e+00
1.480029773712158203e+01,1.649996948242187500e+01,0.000000000000000000e+00
1.490029716491699219e+01,1.639997100830078125e+01,0.000000000000000000e+00
1.500029754638671875e+01,1.629997062683105469e+01,0.000000000000000000e+00
1.510029792785644531e+01,1.619997024536132812e+01,0.000000000000000000e+00
1.520029735565185547e+01,1.609996986389160156e+01,0.000000000000000000e+00
1.530029773712158203e+01,1.599997043609619141e+01,0.000000000000000000e+00
1.540029716491699219e+01,1.589997005462646484e+01,0.000000000000000000e+00
1.550029754638671875e+01,1.579997062683105469e+01,0.000000000000000000e+00
1.560029792785644531e+01,1.569997024536132812e+01,0.000000000000000000e+00
1.570029735565185547e+01,1.559997081756591797e+01,0.000000000000000000e+00
1.580029773712158203e+01,1.549997043609619141e+01,0.000000000000000000e+00
1.590029716491699219e+01,1.539997005462646484e+01,0.000000000000000000e+00
1.600029754638671875e+01,1.529997062683105469e+01,0.000000000000000000e+00
1.610029792785644531e+01,1.519997024536132812e+01,0.000000000000000000e+00
1.620029830932617188e+01,1.509997081756591797e+01,0.000000000000000000e+00
1.630029678344726562e+01,1.499997043609619141e+01,0.000000000000000000e+00
1.640029716491699219e+01,1.499997043609619141e+01,0.000000000000000000e+00
1.650029754638671875e+01,1.489997005462646484e+01,0.000000000000000000e+00
1.660029792785644531e+01,1.479997062683105469e+01,0.000000000000000000e+00
1.670029830932617188e+01,1.469997024536132812e+01,0.000000000000000000e+00
1.680029678344726562e+01,1.459997081756591797e+01,0.000000000000000000e+00
1.690029716491699219e+01,1.459997081756591797e+01,0.000000000000000000e+00
1.700029754638671875e+01,1.449997043609619141e+01,0.000000000000000000e+00
1.710029792785644531e+01,1.439997005462646484e+01,0.000000000000000000e+00
1.720029830932617188e+01,1.439997005462646484e+01,0.000000000000000000e+00
1.730029678344726562e+01,1.429997062683105469e+01,0.000000000000000000e+00
1.740029716491699219e+01,1.419997024536132812e+01,0.000000000000000000e+00
1.750029754638671875e+01,1.409997081756591797e+01,0.000000000000000000e+00
1.760029792785644531e+01,1.409997081756591797e+01,0.000000000000000000e+00
1.770029830932617188e+01,1.399997043609619141e+01,0.000000000000000000e+00
1.780029678344726562e+01,1.389997005462646484e+01,0.000000000000000000e+00
1.790029716491699219e+01,1.379997062683105469e+01,0.000000000000000000e+00
1.800029754638671875e+01,1.369997024536132812e+01,0.000000000000000000e+00
1.810029792785644531e+01,1.359997081756591797e+01,0.000000000000000000e+00
1.820029830932617188e+01,1.349997043609619141e+01,0.000000000000000000e+00
1.830029678344726562e+01,1.339997005462646484e+01,0.000000000000000000e+00
1.840029716491699219e+01,1.329997062683105469e+01,0.000000000000000000e+00
1.850029754638671875e+01,1.319997024536132812e+01,0.000000000000000000e+00
1.860029792785644531e+01,1.309997081756591797e+01,0.000000000000000000e+00
1.870029830932617188e+01,1.299997043609619141e+01,0.000000000000000000e+00
1.880029678344726562e+01,1.289997005462646484e+01,0.000000000000000000e+00
1.890029716491699219e+01,1.279997062683105469e+01,0.000000000000000000e+00
1.900029754638671875e+01,1.269997024536132812e+01,0.000000000000000000e+00
1.910029792785644531e+01,1.269997024536132812e+01,0.000000000000000000e+00
1.920029830932617188e+01,1.269997024536132812e+01,0.000000000000000000e+00
1.930029678344726562e+01,1.259997081756591797e+01,0.000000000000000000e+00
1.940029716491699219e+01,1.249997043609619141e+01,0.000000000000000000e+00
1.950029754638671875e+01,1.249997043609619141e+01,0.000000000000000000e+00
1.960029792785644531e+01,1.249997043609619141e+01,0.000000000000000000e+00
1.970029830932617188e+01,1.249997043609619141e+01,0.000000000000000000e+00
1.980029678344726562e+01,1.239997005462646484e+01,0.000000000000000000e+00
1.990029716491699219e+01,1.229997062683105469e+01,0.000000000000000000e+00
2.000029754638671875e+01,1.229997062683105469e+01,0.000000000000000000e+00
2.010029792785644531e+01,1.229997062683105469e+01,0.000000000000000000e+00
2.020029830932617188e+01,1.219997024536132812e+01,0.000000000000000000e+00
2.030029678344726562e+01,1.209997081756591797e+01,0.000000000000000000e+00
2.040029716491699219e+01,1.209997081756591797e+01,0.000000000000000000e+00
2.050029754638671875e+01,1.199997043609619141e+01,0.000000000000000000e+00
2.060029792785644531e+01,1.189997005462646484e+01,0.000000000000000000e+00
2.070029830932617188e+01,1.189997005462646484e+01,0.000000000000000000e+00
2.080029678344726562e+01,1.179997062683105469e+01,0.000000000000000000e+00
2.090029716491699219e+01,1.169997024536132812e+01,0.000000000000000000e+00
2.100029754638671875e+01,1.159997081756591797e+01,0.000000000000000000e+00
2.110029792785644531e+01,1.149997043609619141e+01,0.000000000000000000e+00
2.120029830932617188e+01,1.139997005462646484e+01,0.000000000000000000e+00
2.130029678344726562e+01,1.129997062683105469e+01,0.000000000000000000e+00
2.140029716491699219e+01,1.119997024536132812e+01,0.000000000000000000e+00
2.150029754638671875e+01,1.109997081756591797e+01,0.000000000000000000e+00
2.160029792785644531e+01,1.099997043609619141e+01,0.000000000000000000e+00
2.170029830932617188e+01,1.089997005462646484e+01,0.000000000000000000e+00
2.180029678344726562e+01,1.079997062683105469e+01,0.000000000000000000e+00
2.190029716491699219e+01,1.069997024536132812e+01,0.000000000000000000e+00
2.200029754638671875e+01,1.059997081756591797e+01,0.000000000000000000e+00
2.210029792785644531e+01,1.059997081756591797e+01,0.000000000000000000e+00
2.220029830932617188e+01,1.049997043609619141e+01,0.000000000000000000e+00
2.230029678344726562e+01,1.039997005462646484e+01,0.000000000000000000e+00
2.240029716491699219e+01,1.029997062683105469e+01,0.000000000000000000e+00
2.250029754638671875e+01,1.029997062683105469e+01,0.000000000000000000e+00
2.260029792785644531e+01,1.019997024536132812e+01,0.000000000000000000e+00
2.270029830932617188e+01,1.009997081756591797e+01,0.000000000000000000e+00
2.280029678344726562e+01,9.999970436096191406e+00,0.000000000000000000e+00
2.290029716491699219e+01,9.999970436096191406e+00,0.000000000000000000e+00
2.300029754638671875e+01,9.999970436096191406e+00,0.000000000000000000e+00
2.300029754638671875e+01,9.999970436096191406e+00,0.000000000000000000e+00
